{
    "openapi": "3.0.0",
    "info": {
        "title": "Vo de Taxi",
        "version": "1.0.0"
    },
    "paths": {
        "/api/cars": {
            "get": {
                "tags": [
                    "#3 - Car"
                ],
                "summary": "Display all cars",
                "description": "Display all cars",
                "operationId": "display_cars",
                "responses": {
                    "201": {
                        "description": "Clients registered successfully"
                    },
                    "422": {
                        "description": "Validation errors"
                    }
                }
            }
        },
        "/api/cars/{driver_id}": {
            "post": {
                "tags": [
                    "#3 - Car"
                ],
                "summary": "Register a new car",
                "description": "Register a new car",
                "operationId": "register_car",
                "parameters": [
                    {
                        "name": "driver_id",
                        "in": "path",
                        "description": "Driver driver_id",
                        "required": true
                    }
                ],
                "requestBody": {
                    "content": {
                        "multipart/form-data": {
                            "schema": {
                                "required": [
                                    "plate",
                                    "color",
                                    "year",
                                    "model",
                                    "name"
                                ],
                                "properties": {
                                    "plate": {
                                        "type": "text"
                                    },
                                    "color": {
                                        "type": "text"
                                    },
                                    "year": {
                                        "type": "number"
                                    },
                                    "model": {
                                        "type": "text"
                                    },
                                    "name": {
                                        "type": "text"
                                    }
                                },
                                "type": "object"
                            }
                        },
                        "application/json": {
                            "schema": {}
                        }
                    }
                },
                "responses": {
                    "200": {
                        "description": "Register Successfully",
                        "content": {
                            "application/json": {
                                "schema": {},
                                "example": [
                                    {
                                        "plate": "FAB-8575",
                                        "color": "black",
                                        "year": "2013",
                                        "model": "FIAT",
                                        "name": "BRAVO"
                                    }
                                ]
                            }
                        }
                    },
                    "422": {
                        "description": "Unprocessable Entity",
                        "content": {
                            "application/json": {
                                "schema": {}
                            }
                        }
                    },
                    "400": {
                        "description": "Bad request"
                    },
                    "404": {
                        "description": "Resource Not Found"
                    }
                }
            }
        },
        "/api/cars/{id}": {
            "put": {
                "tags": [
                    "#3 - Car"
                ],
                "summary": "Update a customer",
                "description": "Update a customer",
                "operationId": "update_car",
                "parameters": [
                    {
                        "name": "id",
                        "in": "path",
                        "description": "Car id",
                        "required": true
                    }
                ],
                "requestBody": {
                    "content": {
                        "multipart/form-data": {
                            "schema": {
                                "required": [
                                    "plate",
                                    "color",
                                    "year",
                                    "model",
                                    "name"
                                ],
                                "properties": {
                                    "plate": {
                                        "type": "text"
                                    },
                                    "color": {
                                        "type": "email"
                                    },
                                    "year": {
                                        "type": "password"
                                    },
                                    "model": {
                                        "type": "text"
                                    },
                                    "name": {
                                        "type": "text"
                                    }
                                },
                                "type": "object"
                            }
                        },
                        "application/json": {
                            "schema": {}
                        }
                    }
                },
                "responses": {
                    "200": {
                        "description": "Update Successfully",
                        "content": {
                            "application/json": {
                                "schema": {},
                                "example": [
                                    {
                                        "plate": "FAB-8575",
                                        "color": "black",
                                        "year": "2013",
                                        "model": "FIAT",
                                        "name": "BRAVO"
                                    }
                                ]
                            }
                        }
                    },
                    "422": {
                        "description": "Unprocessable Entity",
                        "content": {
                            "application/json": {
                                "schema": {}
                            }
                        }
                    },
                    "400": {
                        "description": "Bad request"
                    },
                    "404": {
                        "description": "Resource Not Found"
                    }
                }
            }
        },
        "/api/clients": {
            "get": {
                "tags": [
                    "#1 - Client"
                ],
                "summary": "Display all customers",
                "description": "Display all customers",
                "operationId": "display_clients",
                "responses": {
                    "201": {
                        "description": "Clients registered successfully"
                    },
                    "422": {
                        "description": "Validation errors"
                    }
                }
            },
            "post": {
                "tags": [
                    "#1 - Client"
                ],
                "summary": "Register a new customer",
                "description": "Register a new customer",
                "operationId": "register_client",
                "requestBody": {
                    "content": {
                        "multipart/form-data": {
                            "schema": {
                                "required": [
                                    "name",
                                    "email",
                                    "password",
                                    "city",
                                    "state",
                                    "address",
                                    "phone"
                                ],
                                "properties": {
                                    "name": {
                                        "type": "text"
                                    },
                                    "email": {
                                        "type": "email"
                                    },
                                    "password": {
                                        "type": "password"
                                    },
                                    "city": {
                                        "type": "text"
                                    },
                                    "state": {
                                        "type": "text"
                                    },
                                    "address": {
                                        "type": "text"
                                    },
                                    "phone": {
                                        "type": "text"
                                    }
                                },
                                "type": "object"
                            }
                        },
                        "application/json": {
                            "schema": {}
                        }
                    }
                },
                "responses": {
                    "200": {
                        "description": "Register Successfully",
                        "content": {
                            "application/json": {
                                "schema": {},
                                "example": [
                                    {
                                        "name": "carlos",
                                        "email": "example@email.com.br",
                                        "password": "12345678",
                                        "city": "Suzano",
                                        "state": "SP",
                                        "address": "Rua 01",
                                        "phone": "1195252-8596",
                                        "account_validation": "0"
                                    }
                                ]
                            }
                        }
                    },
                    "422": {
                        "description": "Unprocessable Entity",
                        "content": {
                            "application/json": {
                                "schema": {}
                            }
                        }
                    },
                    "400": {
                        "description": "Bad request"
                    },
                    "404": {
                        "description": "Resource Not Found"
                    }
                }
            }
        },
        "/api/clients/activation/{id}": {
            "put": {
                "tags": [
                    "#1 - Client"
                ],
                "summary": "Activate customer account",
                "description": "Activate customer account",
                "operationId": "active_client",
                "parameters": [
                    {
                        "name": "id",
                        "in": "path",
                        "description": "Client id",
                        "required": true
                    },
                    {
                        "name": "account_validation",
                        "in": "query",
                        "description": "1 active and 0 deactive",
                        "required": true
                    }
                ],
                "responses": {
                    "200": {
                        "description": "Register Successfully",
                        "content": {
                            "application/json": {
                                "schema": {},
                                "example": [
                                    {
                                        "account_validation": "1"
                                    }
                                ]
                            }
                        }
                    },
                    "422": {
                        "description": "Unprocessable Entity"
                    },
                    "400": {
                        "description": "Bad request"
                    },
                    "404": {
                        "description": "Resource Not Found"
                    }
                }
            }
        },
        "/api/clients/{id}": {
            "delete": {
                "tags": [
                    "#1 - Client"
                ],
                "summary": "Deactive customer account",
                "description": "Deactive customer account",
                "operationId": "destroy_client",
                "parameters": [
                    {
                        "name": "id",
                        "in": "path",
                        "description": "Client id",
                        "required": true
                    }
                ],
                "responses": {
                    "422": {
                        "description": "Unprocessable Entity"
                    },
                    "400": {
                        "description": "Bad request"
                    },
                    "404": {
                        "description": "Resource Not Found"
                    }
                }
            }
        },
        "/api/driver": {
            "get": {
                "tags": [
                    "#2 - Driver"
                ],
                "summary": "Displays all drivers",
                "description": "Displays all drivers",
                "operationId": "display_driver",
                "responses": {
                    "201": {
                        "description": "driver registered successfully"
                    },
                    "422": {
                        "description": "Validation errors"
                    }
                }
            },
            "post": {
                "tags": [
                    "#2 - Driver"
                ],
                "summary": "Register a new driver",
                "description": "Register a new driver",
                "operationId": "register_driver",
                "requestBody": {
                    "content": {
                        "multipart/form-data": {
                            "schema": {
                                "required": [
                                    "name",
                                    "email",
                                    "password",
                                    "city",
                                    "state",
                                    "address",
                                    "phone",
                                    "age",
                                    "picture",
                                    "gender",
                                    "description"
                                ],
                                "properties": {
                                    "name": {
                                        "type": "text"
                                    },
                                    "email": {
                                        "type": "email"
                                    },
                                    "password": {
                                        "type": "password"
                                    },
                                    "city": {
                                        "type": "text"
                                    },
                                    "state": {
                                        "type": "text"
                                    },
                                    "address": {
                                        "type": "text"
                                    },
                                    "phone": {
                                        "type": "text"
                                    },
                                    "age": {
                                        "type": "number"
                                    },
                                    "picture": {
                                        "type": "file"
                                    },
                                    "gender": {
                                        "type": "text"
                                    },
                                    "description": {
                                        "type": "text"
                                    }
                                },
                                "type": "object"
                            }
                        },
                        "application/json": {
                            "schema": {}
                        }
                    }
                },
                "responses": {
                    "200": {
                        "description": "Register Successfully",
                        "content": {
                            "application/json": {
                                "schema": {},
                                "example": [
                                    {
                                        "name": "Motorista Carlos",
                                        "email": "example@email.com.br",
                                        "password": "12345678",
                                        "city": "Mogi das Cruzes",
                                        "state": "SP",
                                        "address": "Rua 10",
                                        "phone": "1193251-2496",
                                        "age": 31,
                                        "picture": "image.jpg",
                                        "gender": "Masculino",
                                        "description": "Amo dirigir na vai de taxi",
                                        "account_validation": "0"
                                    }
                                ]
                            }
                        }
                    },
                    "422": {
                        "description": "Unprocessable Entity"
                    },
                    "400": {
                        "description": "Bad request"
                    },
                    "404": {
                        "description": "Resource Not Found"
                    }
                }
            }
        },
        "/api/driver/activation/{id}": {
            "put": {
                "tags": [
                    "#2 - Driver"
                ],
                "summary": "Activate driver account",
                "description": "Activate driver account",
                "operationId": "active_driver",
                "parameters": [
                    {
                        "name": "id",
                        "in": "path",
                        "description": "Driver id",
                        "required": true
                    },
                    {
                        "name": "account_validation",
                        "in": "query",
                        "description": "1 active and 0 deactive",
                        "required": true
                    }
                ],
                "responses": {
                    "200": {
                        "description": "Register Successfully",
                        "content": {
                            "application/json": {
                                "schema": {},
                                "example": [
                                    {
                                        "account_validation": "1"
                                    }
                                ]
                            }
                        }
                    },
                    "422": {
                        "description": "Unprocessable Entity"
                    },
                    "400": {
                        "description": "Bad request"
                    },
                    "404": {
                        "description": "Resource Not Found"
                    }
                }
            }
        },
        "/api/driver/{id}": {
            "delete": {
                "tags": [
                    "#2 - Driver"
                ],
                "summary": "Deactive driver account",
                "description": "Deactive driver account",
                "operationId": "destroy_driver",
                "parameters": [
                    {
                        "name": "id",
                        "in": "path",
                        "description": "Driver id",
                        "required": true
                    }
                ],
                "responses": {
                    "422": {
                        "description": "Unprocessable Entity"
                    },
                    "400": {
                        "description": "Bad request"
                    },
                    "404": {
                        "description": "Resource Not Found"
                    }
                }
            }
        },
        "/api/race-accepted/{id}": {
            "get": {
                "tags": [
                    "#6 - Race Accepted"
                ],
                "summary": "Displays the requested ride",
                "description": "Displays the requested ride",
                "operationId": "race_accepted",
                "parameters": [
                    {
                        "name": "id",
                        "in": "path",
                        "description": "Driver id",
                        "required": true
                    }
                ],
                "responses": {
                    "422": {
                        "description": "Unprocessable Entity"
                    },
                    "400": {
                        "description": "Bad request"
                    },
                    "404": {
                        "description": "Resource Not Found"
                    }
                }
            }
        },
        "/api/race-accepted/{id}/{running}": {
            "put": {
                "tags": [
                    "#6 - Race Accepted"
                ],
                "summary": "Update race status",
                "description": "Update race status",
                "operationId": "update_race",
                "parameters": [
                    {
                        "name": "id",
                        "in": "path",
                        "description": "race id",
                        "required": true
                    },
                    {
                        "name": "running",
                        "in": "path",
                        "description": "1 accepted or 0 refused",
                        "required": true
                    }
                ],
                "responses": {
                    "422": {
                        "description": "Unprocessable Entity",
                        "content": {
                            "application/json": {
                                "schema": {}
                            }
                        }
                    },
                    "400": {
                        "description": "Bad request"
                    },
                    "404": {
                        "description": "Resource Not Found"
                    }
                }
            }
        },
        "/api/race-finished/{id}/{finished}": {
            "put": {
                "tags": [
                    "#7 - Race Finished"
                ],
                "summary": "Finished a race",
                "description": "Finished a race",
                "operationId": "finished_race",
                "parameters": [
                    {
                        "name": "id",
                        "in": "path",
                        "description": "race id",
                        "required": true
                    },
                    {
                        "name": "finished",
                        "in": "path",
                        "description": "1 finishes the race",
                        "required": true
                    }
                ],
                "responses": {
                    "422": {
                        "description": "Unprocessable Entity",
                        "content": {
                            "application/json": {
                                "schema": {}
                            }
                        }
                    },
                    "400": {
                        "description": "Bad request"
                    },
                    "404": {
                        "description": "Resource Not Found"
                    }
                }
            }
        },
        "/api/start-race/{id}": {
            "post": {
                "tags": [
                    "#5 - Start Race"
                ],
                "summary": "Register a new race",
                "description": "Register a new race",
                "operationId": "start_race",
                "parameters": [
                    {
                        "name": "id",
                        "in": "path",
                        "description": "Client id",
                        "required": true
                    }
                ],
                "requestBody": {
                    "content": {
                        "multipart/form-data": {
                            "schema": {
                                "required": [
                                    "from_zip_code",
                                    "to_zip_code"
                                ],
                                "properties": {
                                    "from_zip_code": {
                                        "type": "text"
                                    },
                                    "to_zip_code": {
                                        "type": "text"
                                    }
                                },
                                "type": "object"
                            }
                        },
                        "application/json": {
                            "schema": {}
                        }
                    }
                },
                "responses": {
                    "200": {
                        "description": "Register Successfully",
                        "content": {
                            "application/json": {
                                "schema": {},
                                "example": [
                                    {
                                        "client_id": 1,
                                        "from_zip_code": "08615-120",
                                        "to_zip_code": "08615-130"
                                    }
                                ]
                            }
                        }
                    },
                    "422": {
                        "description": "Unprocessable Entity"
                    },
                    "400": {
                        "description": "Bad request"
                    },
                    "404": {
                        "description": "Resource Not Found"
                    }
                }
            }
        },
        "/api/status-driver/{id}": {
            "post": {
                "tags": [
                    "#4 - Status Driver"
                ],
                "summary": "Register a status driver",
                "description": "Register a status driver",
                "operationId": "register_status_driver",
                "parameters": [
                    {
                        "name": "id",
                        "in": "path",
                        "description": "Driver id",
                        "required": true
                    }
                ],
                "requestBody": {
                    "content": {
                        "multipart/form-data": {
                            "schema": {
                                "required": [
                                    "zip_code",
                                    "active"
                                ],
                                "properties": {
                                    "zip_code": {
                                        "type": "text"
                                    },
                                    "active": {
                                        "type": "number"
                                    },
                                    "in_running": {
                                        "type": "number"
                                    },
                                    "distance": {
                                        "type": "number"
                                    }
                                },
                                "type": "object"
                            }
                        },
                        "application/json": {
                            "schema": {}
                        }
                    }
                },
                "responses": {
                    "200": {
                        "description": "Register Successfully",
                        "content": {
                            "application/json": {
                                "schema": {},
                                "example": [
                                    {
                                        "name": "Motorista Carlos",
                                        "email": "example@email.com.br",
                                        "password": "12345678",
                                        "city": "Mogi das Cruzes",
                                        "state": "SP",
                                        "address": "Rua 10",
                                        "phone": "1193251-2496",
                                        "age": 31,
                                        "picture": "image.jpg",
                                        "gender": "Masculino",
                                        "description": "Amo dirigir na vai de taxi",
                                        "account_validation": "0"
                                    }
                                ]
                            }
                        }
                    },
                    "422": {
                        "description": "Unprocessable Entity"
                    },
                    "400": {
                        "description": "Bad request"
                    },
                    "404": {
                        "description": "Resource Not Found"
                    }
                }
            }
        }
    }
}